,mean_fit_time,std_fit_time,mean_score_time,std_score_time,param_colsample_bytree,param_learning_rate,param_max_depth,param_n_estimators,param_reg_alpha,param_reg_lambda,param_subsample,params,split0_test_score,split1_test_score,split2_test_score,split3_test_score,split4_test_score,mean_test_score,std_test_score,rank_test_score,split0_train_score,split1_train_score,split2_train_score,split3_train_score,split4_train_score,mean_train_score,std_train_score,rank_train_score
0,50.983516216278076,7.824798453446028,0.5711369514465332,0.09247523767458532,0.46909356296798244,0.5121307627923543,24,129,13.402958965708544,8.28237265029665,0.41583820140922967,"OrderedDict([('colsample_bytree', 0.46909356296798244), ('learning_rate', 0.5121307627923543), ('max_depth', 24), ('n_estimators', 129), ('reg_alpha', 13.402958965708544), ('reg_lambda', 8.28237265029665), ('subsample', 0.41583820140922967)])",0.46377607295591183,0.4582679583370727,0.47615641595325153,0.454690760069677,0.45947088852055057,0.46247241916729276,0.007432256409010717,28,0.53577068817151,0.5362457340321498,0.5355553158590565,0.5326891223228178,0.5375798509484367,0.5355681422667942,0.0016022513921566694,33
1,119.52231302261353,23.283821143085383,0.7883634567260742,0.012534382139987976,0.8536495199979559,0.6194875413927949,10,288,17.282558309434886,1.2462588178191167,0.22447768445071767,"OrderedDict([('colsample_bytree', 0.8536495199979559), ('learning_rate', 0.6194875413927949), ('max_depth', 10), ('n_estimators', 288), ('reg_alpha', 17.282558309434886), ('reg_lambda', 1.2462588178191167), ('subsample', 0.22447768445071767)])",0.45287893477716773,0.45165304099603276,0.4633515508629589,0.4478253001330947,0.4530970973991774,0.4537611848336863,0.0051550653822678184,33,0.5586450711995875,0.5541127529537689,0.5565986054944145,0.5539513812081907,0.5561066246622067,0.5558828871036336,0.0017352845428117525,31
2,27.255651664733886,3.4951186763771367,0.3072384834289551,0.09024795161972901,0.5003492610710367,0.6439185399518701,5,158,3.7591037281590167,9.073306876672314,0.239903248645489,"OrderedDict([('colsample_bytree', 0.5003492610710367), ('learning_rate', 0.6439185399518701), ('max_depth', 5), ('n_estimators', 158), ('reg_alpha', 3.7591037281590167), ('reg_lambda', 9.073306876672314), ('subsample', 0.239903248645489)])",0.44701262385153734,0.4476589057386331,0.4631011233175053,0.4416201992918028,0.4454975413097662,0.4489780787018489,0.007366357977206652,36,0.5192172432492665,0.5169987035769313,0.5160258274462668,0.5114355807362976,0.5173260068505267,0.5162006723718577,0.0025976758995253243,36
3,218.7608470916748,41.16421285769445,1.4083356857299805,0.1350717811468362,0.8311563895216271,0.12859137736362689,16,251,10.46104656156462,1.9091007852044142,0.7802204795522933,"OrderedDict([('colsample_bytree', 0.8311563895216271), ('learning_rate', 0.12859137736362689), ('max_depth', 16), ('n_estimators', 251), ('reg_alpha', 10.46104656156462), ('reg_lambda', 1.9091007852044142), ('subsample', 0.7802204795522933)])",0.481609571059374,0.4824169003824497,0.49303134959975253,0.47592021744771856,0.47888288061065304,0.4823721838199896,0.005796628328083211,11,0.6465688032272591,0.6451442943702365,0.641509021770144,0.6434407086103743,0.6433128814205088,0.6439951418797045,0.0017261490643554148,23
4,151.42841358184813,26.324030397121703,0.841005516052246,0.06474050890526985,0.8195980974464558,0.3122401386442371,15,229,18.07704145022988,14.340623023479708,0.4817602652146139,"OrderedDict([('colsample_bytree', 0.8195980974464558), ('learning_rate', 0.3122401386442371), ('max_depth', 15), ('n_estimators', 229), ('reg_alpha', 18.07704145022988), ('reg_lambda', 14.340623023479708), ('subsample', 0.4817602652146139)])",0.4635280922055714,0.4644262186475356,0.4783835160087435,0.46048216473042763,0.4627565747907895,0.4659153132766135,0.0063697572728106,25,0.5619755998472326,0.560115073891811,0.5574762499162693,0.5605748037719542,0.5609693160207682,0.5602222086896071,0.0015039042960094673,30
5,36.0219521522522,5.6168345004335825,0.1979374408721924,0.026888909057993536,0.7606252161870115,0.6581651189459125,7,97,16.010064629334394,7.451595560292578,0.5131220627357251,"OrderedDict([('colsample_bytree', 0.7606252161870115), ('learning_rate', 0.6581651189459125), ('max_depth', 7), ('n_estimators', 97), ('reg_alpha', 16.010064629334394), ('reg_lambda', 7.451595560292578), ('subsample', 0.5131220627357251)])",0.45415313938388147,0.44982012905355084,0.4688306397931307,0.456992643203131,0.4489484658760301,0.4557490034619448,0.007164097909309467,32,0.5232702022115916,0.5206481207905255,0.5196883859441449,0.5209462568312367,0.520219354826153,0.5209544641207303,0.0012328743752083962,34
6,137.84718976020812,23.364619241488125,0.9435832023620605,0.08032939695313489,0.6553714226520847,0.545001421391239,11,269,11.852393506518737,11.89240070214215,0.6838997587333533,"OrderedDict([('colsample_bytree', 0.6553714226520847), ('learning_rate', 0.545001421391239), ('max_depth', 11), ('n_estimators', 269), ('reg_alpha', 11.852393506518737), ('reg_lambda', 11.89240070214215), ('subsample', 0.6838997587333533)])",0.4742319885668931,0.4809447863362212,0.4835718701443155,0.4753800526907467,0.4727272016604569,0.4773711798797267,0.004161847333710919,16,0.6632805757228815,0.6629379602055075,0.6621612220955443,0.6642159218136565,0.6651659948350529,0.6635523349345286,0.0010421852165783752,22
7,154.8649983406067,29.732869237674368,1.1398480892181397,0.10423230671510579,0.5890627609212813,0.6448063662417483,14,259,6.481199646363414,1.0226910744899014,0.6137000224110084,"OrderedDict([('colsample_bytree', 0.5890627609212813), ('learning_rate', 0.6448063662417483), ('max_depth', 14), ('n_estimators', 259), ('reg_alpha', 6.481199646363414), ('reg_lambda', 1.0226910744899014), ('subsample', 0.6137000224110084)])",0.4649148640136701,0.4651832635740246,0.4753117081372044,0.47107974929298996,0.4633580114382183,0.4679695192912215,0.004515338573763246,23,0.8063493156343174,0.8078107646961253,0.8061814546745916,0.8057486710031048,0.8084869947138573,0.8069154401443994,0.0010480430981204257,15
8,67.13002486228943,11.122217914488452,0.5378557682037354,0.043182753960366665,0.9599301876789355,0.4934287967887425,22,154,7.621295296568793,4.228285746272511,0.10005494567740614,"OrderedDict([('colsample_bytree', 0.9599301876789355), ('learning_rate', 0.4934287967887425), ('max_depth', 22), ('n_estimators', 154), ('reg_alpha', 7.621295296568793), ('reg_lambda', 4.228285746272511), ('subsample', 0.10005494567740614)])",0.41708137967364867,0.4173669840319556,0.42549949683559524,0.43564718671630204,0.4215121489951248,0.4234214392505253,0.006845223110099353,45,0.5436880640250915,0.5398003385696396,0.5403704521266062,0.5433022542819033,0.545825341133857,0.5425972900274194,0.0022310903591537946,32
9,6.2425295352935795,0.9314635388614546,0.09818315505981445,0.0088036298583631,0.10326727652926891,0.5743027135679886,19,114,11.573286724989034,5.494296977433635,0.38155537561116537,"OrderedDict([('colsample_bytree', 0.10326727652926891), ('learning_rate', 0.5743027135679886), ('max_depth', 19), ('n_estimators', 114), ('reg_alpha', 11.573286724989034), ('reg_lambda', 5.494296977433635), ('subsample', 0.38155537561116537)])",0.42006686870970167,0.4096541159891353,0.4240716904380524,0.4208021561155483,0.4099054649810924,0.416900059246706,0.005968506994649972,46,0.4265170226352089,0.43065455964544846,0.42383066999047536,0.4262454432288206,0.42702486179464066,0.42685451145891884,0.002195352613962057,48
10,129.13024120330812,8.842870080950092,0.4915329933166504,0.07080066013852503,1.0,0.7,25,300,20.0,20.0,1.0,"OrderedDict([('colsample_bytree', 1.0), ('learning_rate', 0.7), ('max_depth', 25), ('n_estimators', 300), ('reg_alpha', 20.0), ('reg_lambda', 20.0), ('subsample', 1.0)])",0.4749741519693813,0.47152053444118996,0.4864034852917617,0.46167319168021387,0.4716181543145398,0.47323790353941736,0.007945597599245183,20,0.6192057783033104,0.6201607345267199,0.6207064833065801,0.618445195023622,0.6302132730737238,0.6217462928467914,0.004304333031104775,24
11,201.48109617233277,34.76298771469421,1.100895071029663,0.05778344791329127,0.7523098741136851,0.01,25,300,20.0,20.0,1.0,"OrderedDict([('colsample_bytree', 0.7523098741136851), ('learning_rate', 0.01), ('max_depth', 25), ('n_estimators', 300), ('reg_alpha', 20.0), ('reg_lambda', 20.0), ('subsample', 1.0)])",0.4192290617462426,0.4078881023421986,0.41569717078807883,0.4153831758820001,0.4100251506252272,0.41364453227674947,0.004114841065476961,48,0.44199873841862364,0.4371219302073418,0.4343825315248787,0.43581050058747883,0.43856243015173485,0.4375752261780116,0.002609791755049798,47
12,133.63570036888123,18.319823314030295,0.8878212928771972,0.06584617990451778,0.7885140410481029,0.548322973235523,11,255,7.128621313992221,15.952265748242098,0.42079753772399064,"OrderedDict([('colsample_bytree', 0.7885140410481029), ('learning_rate', 0.548322973235523), ('max_depth', 11), ('n_estimators', 255), ('reg_alpha', 7.128621313992221), ('reg_lambda', 15.952265748242098), ('subsample', 0.42079753772399064)])",0.4660493012513035,0.46433504533259956,0.47573351397882774,0.4607008453728826,0.46519778763044406,0.4664032987132115,0.005008535399126012,24,0.7330347002832571,0.7312442351921217,0.7276129718352985,0.7285892893396361,0.730615693880719,0.7302193781062065,0.0019278993872190908,17
13,58.448791122436525,13.160152126496078,1.260725975036621,0.10669297940552948,0.25992870007436786,0.22125063049169466,21,154,1e-09,0.30541598259083663,1.0,"OrderedDict([('colsample_bytree', 0.25992870007436786), ('learning_rate', 0.22125063049169466), ('max_depth', 21), ('n_estimators', 154), ('reg_alpha', 1e-09), ('reg_lambda', 0.30541598259083663), ('subsample', 1.0)])",0.4747123102736326,0.4822632825862564,0.4939101065365691,0.4828266514908592,0.4752776023184799,0.4817979906411594,0.0069383041350318956,12,0.91815148460191,0.9212921641586812,0.920459045874207,0.9174368400248145,0.9171697702026063,0.9189018609724438,0.0016642033319171376,8
14,73.38621406555175,11.540797820899167,0.4257801532745361,0.03562587140295355,0.6813371199017023,0.01,22,152,20.0,0.09226571995749323,0.5593126128815986,"OrderedDict([('colsample_bytree', 0.6813371199017023), ('learning_rate', 0.01), ('max_depth', 22), ('n_estimators', 152), ('reg_alpha', 20.0), ('reg_lambda', 0.09226571995749323), ('subsample', 0.5593126128815986)])",0.3944142092886984,0.37839041355916225,0.37652585883943285,0.3780313873039613,0.3828418320518605,0.3820407402086231,0.0065354142499922255,50,0.3958525136444333,0.40096756029241554,0.39179908203926694,0.3950685785452371,0.3973882963426855,0.39621520617280764,0.0029969805930004116,50
15,140.5935814857483,20.11873722226354,0.9058319568634033,0.06844901810542892,0.733242579695646,0.01,13,252,12.098940757923613,2.0675786174667428,0.6836348702310703,"OrderedDict([('colsample_bytree', 0.733242579695646), ('learning_rate', 0.01), ('max_depth', 13), ('n_estimators', 252), ('reg_alpha', 12.098940757923613), ('reg_lambda', 2.0675786174667428), ('subsample', 0.6836348702310703)])",0.4230334412120287,0.411523086081255,0.4204777483706892,0.41627433990944546,0.4131728677483237,0.4168962966643484,0.0043269731820730906,47,0.44270831768742347,0.44180246329159567,0.4386894243119127,0.4395644005375429,0.44366193754798267,0.4412853086752914,0.0018783454842433312,46
16,21.365240716934203,3.8860152179839034,0.18852944374084474,0.0300314889974893,0.25555476725002857,0.5266615078932344,3,300,20.0,15.49155701934592,0.8625564772360624,"OrderedDict([('colsample_bytree', 0.25555476725002857), ('learning_rate', 0.5266615078932344), ('max_depth', 3), ('n_estimators', 300), ('reg_alpha', 20.0), ('reg_lambda', 15.49155701934592), ('subsample', 0.8625564772360624)])",0.43353830842746727,0.4180701804370227,0.4373781568054992,0.4327932975779178,0.4279330691437337,0.42994260247832805,0.006653354963107445,42,0.45051349348637104,0.44975855560827827,0.4442343519917297,0.4486704241086765,0.44707727965851346,0.4480508209707138,0.0022306160455978414,45
17,27.1693154335022,4.211359892809139,0.24480266571044923,0.044312093485964765,0.2799776620864687,0.12961909610143738,4,280,1.5346245958504126,3.56970836281139,0.37047613640835997,"OrderedDict([('colsample_bytree', 0.2799776620864687), ('learning_rate', 0.12961909610143738), ('max_depth', 4), ('n_estimators', 280), ('reg_alpha', 1.5346245958504126), ('reg_lambda', 3.56970836281139), ('subsample', 0.37047613640835997)])",0.4341215252244279,0.4224180960828569,0.43390808076855675,0.42566482491149066,0.42486593598241185,0.4281956925939488,0.004870730187251549,43,0.4518905093685552,0.4501706349263754,0.4482990268391696,0.4516521852654421,0.44885461444879854,0.4501733941696681,0.001441370748033264,44
18,177.68788237571715,29.31231594535641,1.176350975036621,0.10665652640423323,0.8615626311654785,0.16067633505938558,13,244,8.93564934495777,1.0683999522152345,0.8813859643820707,"OrderedDict([('colsample_bytree', 0.8615626311654785), ('learning_rate', 0.16067633505938558), ('max_depth', 13), ('n_estimators', 244), ('reg_alpha', 8.93564934495777), ('reg_lambda', 1.0683999522152345), ('subsample', 0.8813859643820707)])",0.48720302105952573,0.48331954905015595,0.49479995045375097,0.4775841001874421,0.48276358737138575,0.4851340416244521,0.00572055105334115,10,0.6888546943428382,0.6880254170029825,0.6854904053989757,0.6864849198001084,0.6886087841208649,0.687492844133154,0.001296862695642806,20
19,161.54057307243346,29.04323558340768,2.82422251701355,0.38006424268296835,0.5048515524801508,0.3052727557486243,24,168,1e-09,12.028764020508191,1.0,"OrderedDict([('colsample_bytree', 0.5048515524801508), ('learning_rate', 0.3052727557486243), ('max_depth', 24), ('n_estimators', 168), ('reg_alpha', 1e-09), ('reg_lambda', 12.028764020508191), ('subsample', 1.0)])",0.469680177410545,0.4671318086441443,0.47750877746698467,0.4695571905081779,0.46945513828468816,0.470666618462908,0.0035491294946969473,22,0.9758952580860002,0.9781771838687559,0.9767696614193436,0.9763746623493964,0.9774157129246674,0.9769264957296327,0.0007995151584970207,6
20,346.7113771915436,53.81385949399429,4.155913686752319,1.036131729451142,0.9977607696780412,0.10984405143477019,15,300,1e-09,18.417589090681236,0.8996817975865293,"OrderedDict([('colsample_bytree', 0.9977607696780412), ('learning_rate', 0.10984405143477019), ('max_depth', 15), ('n_estimators', 300), ('reg_alpha', 1e-09), ('reg_lambda', 18.417589090681236), ('subsample', 0.8996817975865293)])",0.4783369891141833,0.47706996563575893,0.4854293457096263,0.4851474651101738,0.4805591083785145,0.4813085747896514,0.0034373146715260773,14,0.9008196069552611,0.9034847677648636,0.9024830421449304,0.9038745111429431,0.8999148780851616,0.9021153612186319,0.001524872266149616,10
21,418.75530686378477,84.87931205909494,6.622417402267456,1.169788778911301,0.9094392488399714,0.18319098537249864,25,230,0.6428723550977798,17.266117388186537,1.0,"OrderedDict([('colsample_bytree', 0.9094392488399714), ('learning_rate', 0.18319098537249864), ('max_depth', 25), ('n_estimators', 230), ('reg_alpha', 0.6428723550977798), ('reg_lambda', 17.266117388186537), ('subsample', 1.0)])",0.4635302010535659,0.4597829745578404,0.46684252707248525,0.47171274062346563,0.4643034662534543,0.4652343819121623,0.003950795893340452,27,0.9771893749187096,0.9776650979341835,0.9768255262766566,0.9769360775890082,0.9769058029787785,0.9771043759394672,0.00030566212449839987,5
22,86.78580951690674,13.058253167514367,0.38598833084106443,0.06559101360687676,0.9834694446721017,0.1511911213476625,6,246,7.095570779655526,15.965823109190623,0.4188651533075223,"OrderedDict([('colsample_bytree', 0.9834694446721017), ('learning_rate', 0.1511911213476625), ('max_depth', 6), ('n_estimators', 246), ('reg_alpha', 7.095570779655526), ('reg_lambda', 15.965823109190623), ('subsample', 0.4188651533075223)])",0.4596883133965886,0.4526063378184141,0.46715236709435676,0.46168573988359607,0.456987022664538,0.4596239561714987,0.0048400919541054565,30,0.5171949575725554,0.5161124245052578,0.5152332120273915,0.5159043403254281,0.5180050673241864,0.5164900003509638,0.000985644022217229,35
23,115.87326412200927,22.388497327541767,1.3371984958648682,0.10363458463810604,0.5516140070969224,0.2155237954662113,16,181,3.138282506625945,0.722296070777826,1.0,"OrderedDict([('colsample_bytree', 0.5516140070969224), ('learning_rate', 0.2155237954662113), ('max_depth', 16), ('n_estimators', 181), ('reg_alpha', 3.138282506625945), ('reg_lambda', 0.722296070777826), ('subsample', 1.0)])",0.4868598445133361,0.4859500799034557,0.4974165037400103,0.4828361458437904,0.48633409404845773,0.48787933360981006,0.0049707242956936026,6,0.8358034774279812,0.8345688861779147,0.8358123960847378,0.839008842114717,0.8339616610309247,0.835831052567255,0.00174282205466241,13
24,38.07783322334289,10.041483594815904,0.26771159172058107,0.0709496438463284,0.5237811055726233,0.23028742687040185,4,210,16.6076234001255,4.471252047509333,1.0,"OrderedDict([('colsample_bytree', 0.5237811055726233), ('learning_rate', 0.23028742687040185), ('max_depth', 4), ('n_estimators', 210), ('reg_alpha', 16.6076234001255), ('reg_lambda', 4.471252047509333), ('subsample', 1.0)])",0.44301397007981014,0.43215328110316537,0.44704419682737445,0.43617675566964603,0.44244002507735863,0.440165645751471,0.0053048930063394435,41,0.4628957887195836,0.4650587913398035,0.46202464645811403,0.46269760532412413,0.46153661098079446,0.46284268856448396,0.0012091328980963335,42
25,110.76736540794373,22.31890207323569,0.9607866764068603,0.12706273935930232,0.7562613612808275,0.12444411404295797,14,145,4.462944280052117,6.598465656300776,1.0,"OrderedDict([('colsample_bytree', 0.7562613612808275), ('learning_rate', 0.12444411404295797), ('max_depth', 14), ('n_estimators', 145), ('reg_alpha', 4.462944280052117), ('reg_lambda', 6.598465656300776), ('subsample', 1.0)])",0.48394559067383086,0.4853997325315506,0.49373594745935057,0.48178992627496714,0.4822172492217862,0.4854176892322971,0.004353488184808524,9,0.6911951567445881,0.6936552081595971,0.6909127246136086,0.690843159489689,0.6877554195695115,0.6908723337153988,0.0018743660919512837,19
26,159.96448340415955,27.06174564544386,2.7220530033111574,0.2964243699796126,0.4964483273783161,0.18357174972130605,23,197,1e-09,16.399957791075664,1.0,"OrderedDict([('colsample_bytree', 0.4964483273783161), ('learning_rate', 0.18357174972130605), ('max_depth', 23), ('n_estimators', 197), ('reg_alpha', 1e-09), ('reg_lambda', 16.399957791075664), ('subsample', 1.0)])",0.48357631830457726,0.48588681435288655,0.4925150926833125,0.4844154249523624,0.4817130377001101,0.48562133759864984,0.003701499004319286,8,0.9168325763208376,0.9142625001089096,0.9153322661242796,0.9202732765299915,0.9184400512259701,0.9170281340619976,0.002148832323392296,9
27,167.55661568641662,36.41272980293882,0.8437508106231689,0.1427285471654563,1.0,0.09987386802143457,9,258,7.655246443978703,7.709316794872585,1.0,"OrderedDict([('colsample_bytree', 1.0), ('learning_rate', 0.09987386802143457), ('max_depth', 9), ('n_estimators', 258), ('reg_alpha', 7.655246443978703), ('reg_lambda', 7.709316794872585), ('subsample', 1.0)])",0.47962412071751,0.4749190762881979,0.48376067084449836,0.474953700145747,0.4735266118547653,0.47735683597014367,0.003808885192680039,17,0.5976139099175269,0.5970561014109855,0.5942173713319386,0.5947146455606536,0.59572352123863,0.595865109891947,0.0013065542632707684,25
28,290.40793685913087,55.15616946346229,2.012974739074707,0.24095660542182917,0.955050622534977,0.6130817437800572,24,215,2.3648507280805733,9.577650063695106,1.0,"OrderedDict([('colsample_bytree', 0.955050622534977), ('learning_rate', 0.6130817437800572), ('max_depth', 24), ('n_estimators', 215), ('reg_alpha', 2.3648507280805733), ('reg_lambda', 9.577650063695106), ('subsample', 1.0)])",0.45362732524148836,0.4529337096228774,0.4556449780430405,0.4534959797602771,0.4500350132022366,0.45314740117398405,0.0018067842883936266,35,0.9785178180168352,0.9801205037809025,0.9791133470272589,0.9795337706177362,0.9793605422035864,0.9793291963292639,0.0005241996515480384,4
29,128.9353397846222,18.710642194110537,0.7073415279388428,0.15420206221536623,0.9563511739246789,0.48679936157676357,15,294,20.0,12.839240953683445,1.0,"OrderedDict([('colsample_bytree', 0.9563511739246789), ('learning_rate', 0.48679936157676357), ('max_depth', 15), ('n_estimators', 294), ('reg_alpha', 20.0), ('reg_lambda', 12.839240953683445), ('subsample', 1.0)])",0.4734809583031023,0.4724630293173027,0.4787533444364534,0.46866232750371956,0.47243098320055094,0.4731581285522258,0.0032445273990449413,21,0.5890579190230607,0.5888438413476732,0.5896040975113963,0.5909310766987501,0.598779347496114,0.5914432564153989,0.003739247492490206,26
30,253.55056734085082,42.313755276378835,2.2840717315673826,0.2563712614481669,0.6862600894692312,0.17069285389479769,25,271,4.703095190775043,1e-09,0.792226108511516,"OrderedDict([('colsample_bytree', 0.6862600894692312), ('learning_rate', 0.17069285389479769), ('max_depth', 25), ('n_estimators', 271), ('reg_alpha', 4.703095190775043), ('reg_lambda', 1e-09), ('subsample', 0.792226108511516)])",0.4778754162623409,0.47815521861163185,0.49034828105700123,0.4773497337342189,0.47817982959616906,0.48038169585227236,0.0049922433479187515,15,0.8426444825451862,0.8432354733492445,0.8424408647261821,0.843875791776627,0.843892617389107,0.8432178459572693,0.0006034841086822143,12
31,61.94236397743225,11.8152221725059,0.47745213508605955,0.08994630342501675,1.0,0.01,13,67,1e-09,16.32388530973065,1.0,"OrderedDict([('colsample_bytree', 1.0), ('learning_rate', 0.01), ('max_depth', 13), ('n_estimators', 67), ('reg_alpha', 1e-09), ('reg_lambda', 16.32388530973065), ('subsample', 1.0)])",0.4264414446658203,0.4228218497685388,0.42365501283723783,0.4277628801234117,0.42708351688839274,0.4255529408566803,0.0019533009429711936,44,0.4917679687450465,0.49994730337843174,0.4891598672571259,0.49391766940740234,0.49353550234071997,0.49366566222574526,0.003562103132485719,39
32,271.00313353538513,48.39573011640834,3.1320809364318847,0.34281664992788985,0.6229749305899612,0.48133350585989254,21,300,1.3883757059186561,17.269087537713045,1.0,"OrderedDict([('colsample_bytree', 0.6229749305899612), ('learning_rate', 0.48133350585989254), ('max_depth', 21), ('n_estimators', 300), ('reg_alpha', 1.3883757059186561), ('reg_lambda', 17.269087537713045), ('subsample', 1.0)])",0.45766401135419926,0.4544909965821888,0.46465722009371074,0.4593232077527111,0.46365757563380655,0.45995860228332325,0.00377685051386216,29,0.9789674079032471,0.9805142935823762,0.9795088702491227,0.9791095631106168,0.9791651415406446,0.9794530552772013,0.0005596564323748285,3
33,13.321138048171997,2.3187435927861437,0.10536465644836426,0.01757064739517132,0.4932845967622652,0.23789097873728793,7,50,1e-09,0.24530038894312986,0.6715289023879282,"OrderedDict([('colsample_bytree', 0.4932845967622652), ('learning_rate', 0.23789097873728793), ('max_depth', 7), ('n_estimators', 50), ('reg_alpha', 1e-09), ('reg_lambda', 0.24530038894312986), ('subsample', 0.6715289023879282)])",0.4500516943882001,0.4379903705754307,0.45579689395786205,0.4455880654459566,0.4373965846278071,0.4453647217990513,0.007052943730616157,37,0.5149209622000415,0.5100717706358753,0.5131922123966888,0.5099579568512362,0.507027047428514,0.5110339899024712,0.002753389874703035,37
34,70.59004354476929,12.279159286446722,0.48648486137390134,0.039611169898253216,0.5627731593483498,0.21427901305785213,21,135,19.95303425254746,0.8126990726692206,0.6496349071281865,"OrderedDict([('colsample_bytree', 0.5627731593483498), ('learning_rate', 0.21427901305785213), ('max_depth', 21), ('n_estimators', 135), ('reg_alpha', 19.95303425254746), ('reg_lambda', 0.8126990726692206), ('subsample', 0.6496349071281865)])",0.45832266508985026,0.4491375524153733,0.4713596862371768,0.44947628494431885,0.45146211718970586,0.45595166117528496,0.008385075749135313,31,0.5073935912987907,0.5099971310167439,0.5050670711499,0.5078404183932749,0.5102446902327853,0.508108580418299,0.0018954412385968921,38
35,57.62869439125061,11.639614518181945,0.23054065704345703,0.05562301867140929,1.0,0.4328217903653804,3,300,20.0,13.181849576783643,1.0,"OrderedDict([('colsample_bytree', 1.0), ('learning_rate', 0.4328217903653804), ('max_depth', 3), ('n_estimators', 300), ('reg_alpha', 20.0), ('reg_lambda', 13.181849576783643), ('subsample', 1.0)])",0.4467926032853273,0.4381197246882916,0.4560711060899692,0.44464552764780474,0.4395812018347374,0.44504203270922604,0.006365550964683629,38,0.46804738700114223,0.4680087905371235,0.46835231581653725,0.4686340276019608,0.46929889940598885,0.4684682840725506,0.00047310253432132014,40
36,234.4934148311615,47.27582243089223,3.177025651931763,0.2831205515736298,0.6631299472486974,0.16996157593062042,17,272,1e-09,16.057200742267458,1.0,"OrderedDict([('colsample_bytree', 0.6631299472486974), ('learning_rate', 0.16996157593062042), ('max_depth', 17), ('n_estimators', 272), ('reg_alpha', 1e-09), ('reg_lambda', 16.057200742267458), ('subsample', 1.0)])",0.4817460034931346,0.4781730492124935,0.4916183236536999,0.48011429039699177,0.477107329201114,0.4817517991914867,0.005184753157272498,13,0.9207200077783677,0.9221302091388894,0.9218968337224701,0.9327973537152437,0.9199835918667109,0.9235055992443364,0.00471127544041866,7
37,78.84242405891419,19.00761468025029,0.2657511234283447,0.03367155385862723,0.9124034266319669,0.5644214111283459,9,268,20.0,20.0,1.0,"OrderedDict([('colsample_bytree', 0.9124034266319669), ('learning_rate', 0.5644214111283459), ('max_depth', 9), ('n_estimators', 268), ('reg_alpha', 20.0), ('reg_lambda', 20.0), ('subsample', 1.0)])",0.4753852566838264,0.4716132623866141,0.481820754804024,0.467711038131685,0.47188980221313764,0.47368402284385747,0.004738869622276599,19,0.5692955602703329,0.5656592079617567,0.5655763981691903,0.5644154200159138,0.5661167094906665,0.566212659181572,0.0016404079013120948,29
38,282.14271864891055,53.37702643186084,3.970549964904785,0.3389306859917378,0.5519772329556003,0.22992000010088318,24,295,1e-09,1e-09,1.0,"OrderedDict([('colsample_bytree', 0.5519772329556003), ('learning_rate', 0.22992000010088318), ('max_depth', 24), ('n_estimators', 295), ('reg_alpha', 1e-09), ('reg_lambda', 1e-09), ('subsample', 1.0)])",0.4512701527555123,0.44780840519393394,0.4631213045863149,0.446624725237521,0.4579697209562788,0.4533588617459122,0.00627828289527599,34,0.9846308271485563,0.9859822128486392,0.9845777494560447,0.9852227305995827,0.9847697025388796,0.9850366445183404,0.0005244536076932639,1
39,45.59562096595764,10.244613803711218,0.7549077987670898,0.054134721601736165,0.19711804786677806,0.16662826277526666,23,160,3.0660392716849993,7.4124614001776585,1.0,"OrderedDict([('colsample_bytree', 0.19711804786677806), ('learning_rate', 0.16662826277526666), ('max_depth', 23), ('n_estimators', 160), ('reg_alpha', 3.0660392716849993), ('reg_lambda', 7.4124614001776585), ('subsample', 1.0)])",0.4938772888660695,0.49682643003411564,0.503376331561567,0.4841933666627418,0.4850162051542667,0.4926579244557521,0.0072634998688220044,4,0.5826167175190966,0.5830092208841838,0.5786530431161909,0.5821051636219984,0.5826902928531711,0.5818148875989281,0.0016073094461794485,27
40,5.165277433395386,1.2256390641240957,0.11051764488220214,0.025213356016814712,0.1,0.1981121075378204,16,51,1.2062102211114587,7.547997841782907,1.0,"OrderedDict([('colsample_bytree', 0.1), ('learning_rate', 0.1981121075378204), ('max_depth', 16), ('n_estimators', 51), ('reg_alpha', 1.2062102211114587), ('reg_lambda', 7.547997841782907), ('subsample', 1.0)])",0.39843587446297807,0.39023566571030893,0.40292990285370295,0.40204678919498904,0.3963486542052645,0.3979993772854487,0.004558119336746264,49,0.4102221725425416,0.4130305570737101,0.4148701385204967,0.41218910662103997,0.41808881656458213,0.4136801582644741,0.002662900785998366,49
41,18.13308162689209,4.028076926506948,0.3588897705078125,0.083268479890608,0.1,0.15863966288386475,17,200,6.515134159293201,3.020866848970983,1.0,"OrderedDict([('colsample_bytree', 0.1), ('learning_rate', 0.15863966288386475), ('max_depth', 17), ('n_estimators', 200), ('reg_alpha', 6.515134159293201), ('reg_lambda', 3.020866848970983), ('subsample', 1.0)])",0.44842107867932207,0.43562606462717546,0.45396618123048943,0.44930951379020095,0.43626343176747007,0.4447172540189316,0.007409003397252776,39,0.4629535124389229,0.4648114274171874,0.4633896798903405,0.46515018548161585,0.46706331828164543,0.4646736247019424,0.0014535498372298887,41
42,15.46394944190979,3.4872894820565437,0.24136104583740234,0.03403829982678862,0.11293289595481036,0.1744621924330334,24,107,13.123771043447714,15.412046584961884,1.0,"OrderedDict([('colsample_bytree', 0.11293289595481036), ('learning_rate', 0.1744621924330334), ('max_depth', 24), ('n_estimators', 107), ('reg_alpha', 13.123771043447714), ('reg_lambda', 15.412046584961884), ('subsample', 1.0)])",0.44040091198776665,0.43696673514469214,0.4445875608470819,0.44593401181966624,0.44136470111364634,0.4418507841825706,0.003173485011255518,40,0.461550530759707,0.46162595770118586,0.45708903086174185,0.46022659074654937,0.4626369580270518,0.4606258136192472,0.0019270860374883613,43
43,66.63986058235169,13.891489556721826,0.8776056289672851,0.09282339604687563,0.40775858629734263,0.16953581281723226,13,157,1e-09,4.71743312046134,1.0,"OrderedDict([('colsample_bytree', 0.40775858629734263), ('learning_rate', 0.16953581281723226), ('max_depth', 13), ('n_estimators', 157), ('reg_alpha', 1e-09), ('reg_lambda', 4.71743312046134), ('subsample', 1.0)])",0.4897510596131502,0.49257373982125857,0.4993978817713376,0.4899244713207882,0.48664523915768687,0.49165847833684434,0.004301480272961122,5,0.781888041576221,0.7811895446927358,0.7811451630672827,0.7825299904989855,0.7836382574444112,0.7820781994559273,0.0009310553457139184,16
44,173.16635875701905,30.080764128448287,2.5542030811309813,0.35473374693719145,0.7443473448525343,0.19483666650243947,24,140,1e-09,5.963528867125581,1.0,"OrderedDict([('colsample_bytree', 0.7443473448525343), ('learning_rate', 0.19483666650243947), ('max_depth', 24), ('n_estimators', 140), ('reg_alpha', 1e-09), ('reg_lambda', 5.963528867125581), ('subsample', 1.0)])",0.46182690815004185,0.459090065276375,0.4720423574160763,0.4702165896790099,0.4639781907916068,0.465430822262622,0.004938005693176151,26,0.9827694342299161,0.9843186450997964,0.9828856702621062,0.983559925223806,0.982995419870383,0.9833058189372016,0.000574624727035721,2
45,55.91423277854919,9.184228985428225,1.2055533885955811,0.11983051138937345,0.2742470082203202,0.17414999607444706,24,158,1e-09,2.360800418425129,0.6863739195752372,"OrderedDict([('colsample_bytree', 0.2742470082203202), ('learning_rate', 0.17414999607444706), ('max_depth', 24), ('n_estimators', 158), ('reg_alpha', 1e-09), ('reg_lambda', 2.360800418425129), ('subsample', 0.6863739195752372)])",0.49295106298727936,0.500503807343019,0.5034999332866352,0.49417682927646955,0.486241013004848,0.49547452917965024,0.006049966570784304,2,0.8164766660747379,0.8201252442564543,0.8187637358018011,0.8150406316799162,0.8123856149286501,0.8165583785483118,0.00273160466780515,14
46,132.757759141922,26.154966136422946,2.0949151515960693,0.5820189900727428,0.704503675329056,0.13384486850175714,13,203,1e-09,4.763346922644012,1.0,"OrderedDict([('colsample_bytree', 0.704503675329056), ('learning_rate', 0.13384486850175714), ('max_depth', 13), ('n_estimators', 203), ('reg_alpha', 1e-09), ('reg_lambda', 4.763346922644012), ('subsample', 1.0)])",0.48420973596605515,0.48536094621816517,0.4928822716321971,0.4839091231658493,0.4828258071304071,0.4858375768225347,0.00361370883533059,7,0.8448711119258983,0.8473075299480933,0.8441614339640395,0.8416422797714226,0.8475132475583322,0.8450991206335573,0.0021719149852854162,11
47,65.5640043258667,12.172925325409702,1.1577354431152345,0.1342938827696358,0.27972729119255346,0.1228007619140701,23,144,1e-09,18.935672936151313,1.0,"OrderedDict([('colsample_bytree', 0.27972729119255346), ('learning_rate', 0.1228007619140701), ('max_depth', 23), ('n_estimators', 144), ('reg_alpha', 1e-09), ('reg_lambda', 18.935672936151313), ('subsample', 1.0)])",0.4955935073823274,0.49717999654537387,0.5061474338709006,0.49133714555058583,0.49444336279427836,0.49694028922869327,0.004985431858892318,1,0.6856427058820934,0.6806800045632349,0.6811236544479484,0.6811209896651647,0.6826751237592923,0.6822484956635467,0.0018275325665070943,21
48,80.03265676498413,12.219950840006122,0.4206376552581787,0.02006481214315438,0.6707566437190752,0.5347187469296265,25,228,20.0,13.366164256210135,1.0,"OrderedDict([('colsample_bytree', 0.6707566437190752), ('learning_rate', 0.5347187469296265), ('max_depth', 25), ('n_estimators', 228), ('reg_alpha', 20.0), ('reg_lambda', 13.366164256210135), ('subsample', 1.0)])",0.4765675741351203,0.47673462441536507,0.4863986341442285,0.46636140414164845,0.4673201204114512,0.4746764714495627,0.007327722786367501,18,0.5739674957009168,0.5828691930248207,0.5753570875090895,0.5756642923287275,0.582410821849995,0.57805377808271,0.003790818839692356,28
49,87.39901294708253,15.962904561739883,1.1285234451293946,0.07354360469277477,0.3523786144171499,0.1523144046693003,25,157,3.2156335173373645,5.74596249803908,1.0,"OrderedDict([('colsample_bytree', 0.3523786144171499), ('learning_rate', 0.1523144046693003), ('max_depth', 25), ('n_estimators', 157), ('reg_alpha', 3.2156335173373645), ('reg_lambda', 5.74596249803908), ('subsample', 1.0)])",0.49400058371775696,0.49524189664863,0.5093558636539239,0.4864410639433807,0.48652873123080465,0.49431362783889926,0.00836433398911661,3,0.7053188038988221,0.7041068486984883,0.7024566207750184,0.7060892397199571,0.6998838797443435,0.7035710785673259,0.002214505831532514,18
